model,N,none,static,rel_static
dirichlet_process,100.0,237519.2396,22310.4541,0.0954147687597284
gmm_fixed_numclust,100.0,166498.20630000002,31446.891699999996,0.1886964167688869
gmm_variable_numclust,100.0,178805.21665000002,30853.543749999997,0.17587188705149084
hmm,100.0,32663.4167,7423.220799999999,0.23201286725628673
lda_fixed_numtopic,100.0,1367075.7582999999,400150.1625000001,0.2940493364380018
lda_variable_numtopic,100.0,1380255.9249999998,403337.5542,0.2983367871794581
