model,n_data,n_particles,none,static,rel_static
dirichlet_process,50.0,100.0,236.24992709999998,22.291679199999997,0.0949584475771181
gmm_fixed_numclust,100.0,100.0,172.10866875,31.1054625,0.18138091781503404
gmm_variable_numclust,100.0,100.0,172.63649585,30.5638104,0.1789095826806516
hmm,50.0,100.0,32.4249958,7.249635450000001,0.23314392908763787
lda_fixed_numtopic,262.0,100.0,1303.9736167,391.23404165,0.30382901826280284
lda_variable_numtopic,262.0,100.0,1373.31929165,400.83559164999997,0.2970664080325805
