model,n_data,n_particles,none,static,rel_static
dirichlet_process,50.0,100.0,236197.1438,22208.3375,0.0955003534960993
gmm_fixed_numclust,100.0,100.0,173800.3354,31429.6083,0.18416436166659717
gmm_variable_numclust,100.0,100.0,182263.6125,31001.304149999996,0.17764253155467813
hmm,50.0,100.0,31433.23335,7280.5625,0.23296535735979196
lda_fixed_numtopic,262.0,100.0,1306116.09585,393170.2457999999,0.3023200075635924
lda_variable_numtopic,262.0,100.0,1355419.5166500001,402268.92085,0.3036165013021175
