model, none, static, finite, custom
aircraft, 9.225438333333331, 4.952477786666667, NA, NA
captcha, 957.521458, 331.94062499999995, NA, NA
