model,N,none,static,rel_static
dirichlet_process,100.0,229140.5542,22403.6459,0.0977725046455351
gmm_fixed_numclust,100.0,185087.7,31525.9458,0.170329772318744
gmm_variable_numclust,100.0,169981.08750000002,30329.9458,0.1784312963640734
hmm,100.0,28075.591700000004,7126.425,0.2538299130486358
lda_fixed_numtopic,100.0,1350893.0875,393858.3625,0.2915540586774969
lda_variable_numtopic,100.0,1341365.5666,399221.725,0.2976233585687751
