model,n_data,n_particles,none,static,rel_static
hmm,50.0,100.0,31.673539599999994,7.2390562,0.22938701141770634
