model,smc_standard,smc_cps,cps_rel,is_time
dirichlet_process,109.9,12.2213,0.1119560939856275,10.445450000000001
gmm_fixed_numclust,111.6,12.06295,0.10837872485136554,6.860099999999999
gmm_variable_numclust,114.30000000000001,12.5772,0.10952939063644021,7.160399999999999
hmm,63.169650000000004,8.15415,0.13123657433522073,4.9657
lda_fixed_numtopic,297.95000000000005,41.324,0.14001142806411715,22.3185
lda_variable_numtopic,328.04999999999995,41.4062,0.12647194588653893,23.56335
