model,smc_standard,smc_cps,cps_rel,is_cps
dirichlet_process,1101.0,122.2775,0.11116429440523315,104.68549999999999
gmm_fixed_numclust,1122.5,120.7935,0.10773063339275099,68.8605
gmm_variable_numclust,1135.0,123.971,0.1096026646805304,72.424
hmm,627.4835,81.589,0.1308533004174136,50.019000000000005
lda_fixed_numtopic,3055.5,412.361,0.13591136288826375,222.6535
lda_variable_numtopic,3273.5,409.55150000000003,0.1251764358237369,234.7885
