model,acceptancerate,base,combinator,rel
bayesian_network,0.93386,34.17137708,8.35297875,0.24444372641010345
